source_url,title,year,source,audit_reason
https://www.hoerspielundfeature.de/making-of-domestizierte-globetrotter-100.html,"""Domestizierte Globetrotter""",2022.0,DLF/DLF Kultur,implicit/keyword-only inclusion; no direct life-writing signal
https://www.hoerspielundfeature.de/der-musiker-performer-und-hoerspielmacher-volkan-t-error-100.html,"""Hauptsache, ich bleibe kredibil!""",2020.0,DLF/DLF Kultur,implicit/keyword-only inclusion; no direct life-writing signal
https://www.hoerspielundfeature.de/hoerspiel-nach-george-orwell-1984-1-100.html,1984 (1/4),2024.0,DLF/DLF Kultur,canonical literary work/adaptation rather than life-writing object
https://www.hoerspielundfeature.de/hoerspiel-nach-george-orwell-1984-3-100.html,1984 (3/4),2024.0,DLF/DLF Kultur,canonical literary work/adaptation rather than life-writing object
https://www.hoerspielundfeature.de/50-aktenkilometer-100.html,50 Aktenkilometer,2024.0,DLF/DLF Kultur,implicit/keyword-only inclusion; no direct life-writing signal
https://www.hoerspielundfeature.de/long-covid-und-jetzt-3-4-100.html,"Abschied, Systemversagen und Schmerzmanagement",2026.0,DLF/DLF Kultur,implicit/keyword-only inclusion; no direct life-writing signal
https://www.hoerspielundfeature.de/album-teil-2-100.html,Album (2/2),2023.0,DLF/DLF Kultur,implicit/keyword-only inclusion; no direct life-writing signal
https://www.hoerspielundfeature.de/bw-0-100.html,BW 0-1,2026.0,DLF/DLF Kultur,implicit/keyword-only inclusion; no direct life-writing signal
https://www.hoerspielundfeature.de/back-to-university-100.html,Back to University,2024.0,DLF/DLF Kultur,implicit/keyword-only inclusion; no direct life-writing signal
https://www.hoerspielundfeature.de/krimi-hoerspiel-cher-ebinger-03-bello-e-impossibile-100.html,Bello e impossibile oder Die Dohmsche Verführung,2024.0,DLF/DLF Kultur,implicit/keyword-only inclusion; no direct life-writing signal
https://www.hoerspielundfeature.de/beruf-aktivistin-100.html,Beruf: Aktivistin,2023.0,DLF/DLF Kultur,implicit/keyword-only inclusion; no direct life-writing signal
https://www.hoerspielundfeature.de/bleibtreu-heisst-die-strasse-hoerspiel-ueber-mascha-kaleko-100.html,Bleibtreu heißt die Straße,2025.0,DLF/DLF Kultur,implicit/keyword-only inclusion; no direct life-writing signal
https://www.hoerspielundfeature.de/musikalisches-hoerspiel-ueber-koloniale-gewalt-bowguard-100.html,Bowguard,2020.0,DLF/DLF Kultur,implicit/keyword-only inclusion; no direct life-writing signal
https://www.hoerspielundfeature.de/wir-kinder-vom-bahnhof-zoo-2-100.html,Christiane F. - Wir Kinder vom Bahnhof Zoo (2/3),2022.0,DLF/DLF Kultur,implicit/keyword-only inclusion; no direct life-writing signal
https://www.hoerspielundfeature.de/dystopia-sound-art-biennale-2024-klangkunst-aus-indien-100.html,DYSTOPIA Sound Art Biennale 2024,2026.0,DLF/DLF Kultur,implicit/keyword-only inclusion; no direct life-writing signal
https://www.hoerspielundfeature.de/die-geraeuschemacherin-annika-von-trier-das-leben-ein-100.html,Das Leben - ein Seiltanz,2020.0,DLF/DLF Kultur,implicit/keyword-only inclusion; no direct life-writing signal
https://www.hoerspielundfeature.de/das-letzte-register-100.html,Das letzte Register,2023.0,DLF/DLF Kultur,implicit/keyword-only inclusion; no direct life-writing signal
https://www.hoerspielundfeature.de/hoerspiel-des-monats-april-100.html,Der Stein in der Tasche,2024.0,DLF/DLF Kultur,implicit/keyword-only inclusion; no direct life-writing signal
https://www.hoerspielundfeature.de/elias-canetti-die-blendung-teil-1-100.html,Die Blendung (1/2),2026.0,DLF/DLF Kultur,canonical literary work/adaptation rather than life-writing object
https://www.hoerspielundfeature.de/elias-canetti-die-blendung-teil-2-100.html,Die Blendung (2/2),2026.0,DLF/DLF Kultur,canonical literary work/adaptation rather than life-writing object
https://www.hoerspielundfeature.de/hardi-kurda-die-freiheit-der-frequenzen-100.html,Die Freiheit der Frequenzen,2020.0,DLF/DLF Kultur,implicit/keyword-only inclusion; no direct life-writing signal
https://www.hoerspielundfeature.de/die-goldgraeber-100.html,Die Goldgräber,2025.0,DLF/DLF Kultur,implicit/keyword-only inclusion; no direct life-writing signal
https://www.hoerspielundfeature.de/auf-der-suche-nach-den-opfern-einer-verwahrpsychiatrie-die-100.html,Die Kinder von Station 19,2026.0,DLF/DLF Kultur,implicit/keyword-only inclusion; no direct life-writing signal
https://www.hoerspielundfeature.de/einmal-westberlin-und-zurueck-die-mauerspringer-100.html,Die Mauerspringer,2023.0,DLF/DLF Kultur,implicit/keyword-only inclusion; no direct life-writing signal
https://www.hoerspielundfeature.de/die-muschelerde-der-traeume-eine-radio-fantasie-ueber-louis-aragon-100.html,Die Muschelerde der Träume,2025.0,DLF/DLF Kultur,implicit/keyword-only inclusion; no direct life-writing signal
https://www.hoerspielundfeature.de/feature-die-zusage-100.html,Die Zusage,2026.0,DLF/DLF Kultur,implicit/keyword-only inclusion; no direct life-writing signal
https://www.hoerspielundfeature.de/frauenstimmen-drei-frauen-100.html,Drei Frauen,2021.0,DLF/DLF Kultur,implicit/keyword-only inclusion; no direct life-writing signal
https://www.hoerspielundfeature.de/feature-durch-die-blume-hoeren-sounds-pflanzenbasis-100.html,Durch die Blume hören,2024.0,DLF/DLF Kultur,implicit/keyword-only inclusion; no direct life-writing signal
https://www.hoerspielundfeature.de/hoerspiel-eisen-100.html,Eisen,2025.0,DLF/DLF Kultur,implicit/keyword-only inclusion; no direct life-writing signal
https://www.hoerspielundfeature.de/reihe-wirklichkeit-im-radio-ende-der-anfrage-100.html,Ende der Anfrage,2024.0,DLF/DLF Kultur,implicit/keyword-only inclusion; no direct life-writing signal
https://www.hoerspielundfeature.de/feature-entfuehrt-in-syrien-100.html,Entführt in Syrien,2023.0,DLF/DLF Kultur,implicit/keyword-only inclusion; no direct life-writing signal
https://www.hoerspielundfeature.de/mein-maennerbild-kriselt-und-jetzt-1-2-100.html,"Escort, Naivität und Nähe",2026.0,DLF/DLF Kultur,implicit/keyword-only inclusion; no direct life-writing signal
https://www.hoerspielundfeature.de/auf-der-suche-nach-einer-verschwundenen-stadt-fear-of-100.html,Fear of Losing New York,2023.0,DLF/DLF Kultur,implicit/keyword-only inclusion; no direct life-writing signal
https://www.hoerspielundfeature.de/das-feature-100.html,Feature,2025.0,DLF/DLF Kultur,implicit/keyword-only inclusion; no direct life-writing signal
https://www.hoerspielundfeature.de/flieg-oder-stirb-100.html,Flieg oder stirb,2024.0,DLF/DLF Kultur,implicit/keyword-only inclusion; no direct life-writing signal
https://www.hoerspielundfeature.de/fordern-statt-foerdern-100.html,Fordern statt Fördern,2026.0,DLF/DLF Kultur,implicit/keyword-only inclusion; no direct life-writing signal
https://www.hoerspielundfeature.de/fred-s-ich-wurde-immer-kleiner-100.html,Fred S.: Ich wurde immer kleiner,2023.0,DLF/DLF Kultur,implicit/keyword-only inclusion; no direct life-writing signal
https://www.hoerspielundfeature.de/warum-wollte-nathan-sterben-free-as-a-bird-100.html,Free as a bird,2023.0,DLF/DLF Kultur,implicit/keyword-only inclusion; no direct life-writing signal
https://www.hoerspielundfeature.de/freistil-100.html,Freistil,2024.0,DLF/DLF Kultur,implicit/keyword-only inclusion; no direct life-writing signal
https://www.hoerspielundfeature.de/hoerspiel-elias-canetti-postum-gegen-den-tod-100.html,Gegen den Tod,2026.0,DLF/DLF Kultur,implicit/keyword-only inclusion; no direct life-writing signal
https://www.hoerspielundfeature.de/gina-wird-blind-eine-geschichte-aus-new-york-100.html,Gina wird blind,2025.0,DLF/DLF Kultur,implicit/keyword-only inclusion; no direct life-writing signal
https://www.hoerspielundfeature.de/glissando-100.html,Glissando,2026.0,DLF/DLF Kultur,implicit/keyword-only inclusion; no direct life-writing signal
https://www.hoerspielundfeature.de/herr-gammer-gibt-nicht-auf-100.html,Herr Gammer gibt nicht auf,2026.0,DLF/DLF Kultur,implicit/keyword-only inclusion; no direct life-writing signal
https://www.hoerspielundfeature.de/hot-flashes-100.html,Hot Flashes,2026.0,DLF/DLF Kultur,implicit/keyword-only inclusion; no direct life-writing signal
https://www.hoerspielundfeature.de/reihe-wirklichkeit-im-radio-hoerbild-ueber-den-kamienna-100.html,Hörbild über den Kamienna-Prozess in Leipzig,2024.0,DLF/DLF Kultur,implicit/keyword-only inclusion; no direct life-writing signal
https://www.hoerspielundfeature.de/feature-im-zug-nach-nirgendwo-across-the-sea-100.html,Im Zug nach Nirgendwo (1/2) – Across the sea,2023.0,DLF/DLF Kultur,implicit/keyword-only inclusion; no direct life-writing signal
https://www.hoerspielundfeature.de/feature-im-zug-nach-nirgendwo-einsamkeit-hat-viele-namen-100.html,Im Zug nach Nirgendwo (2/2) – Einsamkeit hat viele Namen,2023.0,DLF/DLF Kultur,implicit/keyword-only inclusion; no direct life-writing signal
https://www.hoerspielundfeature.de/die-grauzone-100.html,In der Grauzone,2025.0,DLF/DLF Kultur,implicit/keyword-only inclusion; no direct life-writing signal
https://www.hoerspielundfeature.de/irgendein-brieftraeger-geschichten-in-einem-mietshaus-100.html,Irgendein Briefträger,2025.0,DLF/DLF Kultur,implicit/keyword-only inclusion; no direct life-writing signal
https://www.hoerspielundfeature.de/ironwoman-mit-62-100.html,Ironwoman mit 62,2026.0,DLF/DLF Kultur,implicit/keyword-only inclusion; no direct life-writing signal
https://www.hoerspielundfeature.de/jewrofeeling-100.html,Jewrofeeling,2026.0,DLF/DLF Kultur,implicit/keyword-only inclusion; no direct life-writing signal
https://www.hoerspielundfeature.de/jiyujin-freier-mensch-dlf-6d65f9db-100.html,Jiyujin - Freier Mensch,2025.0,DLF/DLF Kultur,implicit/keyword-only inclusion; no direct life-writing signal
https://www.hoerspielundfeature.de/reihe-18-plus-jiyujin-freier-mensch-100.html,Jiyujin - Freier Mensch,2025.0,DLF/DLF Kultur,implicit/keyword-only inclusion; no direct life-writing signal
https://www.hoerspielundfeature.de/jaehnicke-kehrt-zurueck-krimi-jaehnickes-vierter-fall-100.html,Jähnicke kehrt zurück,2025.0,DLF/DLF Kultur,implicit/keyword-only inclusion; no direct life-writing signal
https://www.hoerspielundfeature.de/den-demografischen-wandel-gestalten-kalbe-setzt-auf-kunst-100.html,Kalbe setzt auf Kunst,2021.0,DLF/DLF Kultur,implicit/keyword-only inclusion; no direct life-writing signal
https://www.hoerspielundfeature.de/kleines-universum-100.html,Kleines Universum,2026.0,DLF/DLF Kultur,implicit/keyword-only inclusion; no direct life-writing signal
https://www.hoerspielundfeature.de/das-fressverhalten-der-maeuse-100.html,Krimi-Komödie über einen zweifelhaften Selbstmord,2026.0,DLF/DLF Kultur,implicit/keyword-only inclusion; no direct life-writing signal
https://www.hoerspielundfeature.de/kriminalhoerspiel-100.html,Kriminalhörspiel,,DLF/DLF Kultur,implicit/keyword-only inclusion; no direct life-writing signal
https://www.hoerspielundfeature.de/kurzstrecke-149-hoerspielpreis-max15-2024-die-nominierten-hoerstuecke-100.html,Kurzstrecke 149: Hörspielpreis max15,2026.0,DLF/DLF Kultur,implicit/keyword-only inclusion; no direct life-writing signal
https://www.hoerspielundfeature.de/leben-und-tod-der-marilyn-monroe-100.html,Leben und Tod der Marilyn Monroe,2026.0,DLF/DLF Kultur,implicit/keyword-only inclusion; no direct life-writing signal
https://www.hoerspielundfeature.de/leicht-leben-sanguiniker-zwischen-spass-und-unvernunft-dlf-cb47d2a8-100.html,Leicht leben - Sanguiniker zwischen Spaß und Unvernunft,2023.0,DLF/DLF Kultur,implicit/keyword-only inclusion; no direct life-writing signal
https://www.hoerspielundfeature.de/listening-to-the-world-3-6-der-erde-zuhoeren-100.html,Listening to the World (3/6) – Der Erde zuhören,2024.0,DLF/DLF Kultur,implicit/keyword-only inclusion; no direct life-writing signal
https://www.hoerspielundfeature.de/krimi-hoerspiel-liebesabenteuer-einer-verhinderten-100.html,Matildas letzter Sommer,2023.0,DLF/DLF Kultur,implicit/keyword-only inclusion; no direct life-writing signal
https://www.hoerspielundfeature.de/ich-fuehre-ein-doppelleben-und-jetzt-3-4-100.html,"Midlife Dating, mentaler Bierbauch und Vaginallaser",2026.0,DLF/DLF Kultur,implicit/keyword-only inclusion; no direct life-writing signal
https://www.hoerspielundfeature.de/mikrokosmos-die-kulturreportage-100.html,Mikrokosmos,2025.0,DLF/DLF Kultur,implicit/keyword-only inclusion; no direct life-writing signal
https://www.hoerspielundfeature.de/hoerspiel-ueber-nichtredenwollen-missverstehen-und-100.html,Moor-Schwestern,2025.0,DLF/DLF Kultur,implicit/keyword-only inclusion; no direct life-writing signal
https://www.hoerspielundfeature.de/literatur-letal-102.html,Mord im Literaturbetrieb,2026.0,DLF/DLF Kultur,implicit/keyword-only inclusion; no direct life-writing signal
https://www.hoerspielundfeature.de/die-gottesanbeterin-krimi-mordserie-in-einem-nonnenkloster-100.html,Mordserie in einem Nonnenkloster,2026.0,DLF/DLF Kultur,implicit/keyword-only inclusion; no direct life-writing signal
https://www.hoerspielundfeature.de/muss-strafe-sein-teil-1-mauern-zellen-gerichtssaele-100.html,Muss Strafe sein? (1/2),2026.0,DLF/DLF Kultur,implicit/keyword-only inclusion; no direct life-writing signal
https://www.hoerspielundfeature.de/muss-strafe-sein-teil-2-verletzung-vergeltung-alternativen-100.html,Muss Strafe sein? (2/2),2026.0,DLF/DLF Kultur,implicit/keyword-only inclusion; no direct life-writing signal
https://www.hoerspielundfeature.de/phantomarbeit-100.html,Phantomarbeit,2025.0,DLF/DLF Kultur,implicit/keyword-only inclusion; no direct life-writing signal
https://www.hoerspielundfeature.de/haeuserkampf-krimi-rebellion-gegen-gentrifizierung-100.html,Rebellion gegen Gentrifizierung,2026.0,DLF/DLF Kultur,implicit/keyword-only inclusion; no direct life-writing signal
https://www.hoerspielundfeature.de/long-covid-und-jetzt-4-4-100.html,"Rollator, Jubiläum und frühe Literaturspuren",2026.0,DLF/DLF Kultur,implicit/keyword-only inclusion; no direct life-writing signal
https://www.hoerspielundfeature.de/ich-fuehre-ein-doppelleben-und-jetzt-4-4-100.html,"Rollenkoller, Wuttraining und MidlifeReset",2026.0,DLF/DLF Kultur,implicit/keyword-only inclusion; no direct life-writing signal
https://www.hoerspielundfeature.de/schoene-neue-welt-von-peter-thiel-zur-ki-revolution-100.html,Schöne Neue Welt,2026.0,DLF/DLF Kultur,implicit/keyword-only inclusion; no direct life-writing signal
https://www.hoerspielundfeature.de/freistil-selbstgespraeche-100.html,Selbstgespräche,2024.0,DLF/DLF Kultur,implicit/keyword-only inclusion; no direct life-writing signal
https://www.hoerspielundfeature.de/hoerspiel-und-feature-serie-100.html,Serien,,DLF/DLF Kultur,implicit/keyword-only inclusion; no direct life-writing signal
https://www.hoerspielundfeature.de/mein-maennerbild-kriselt-und-jetzt-2-2-100.html,"Sexarbeit, Feminismus und Frauenwahl",2026.0,DLF/DLF Kultur,implicit/keyword-only inclusion; no direct life-writing signal
https://www.hoerspielundfeature.de/sportverraeter-100.html,Sportverräter,2025.0,DLF/DLF Kultur,implicit/keyword-only inclusion; no direct life-writing signal
https://www.hoerspielundfeature.de/the-revolution-will-be-injected-hoerspiel-testosteron-100.html,The Revolution Will Be Injected,2026.0,DLF/DLF Kultur,implicit/keyword-only inclusion; no direct life-writing signal
https://www.hoerspielundfeature.de/feature-papa-ich-bin-nichtbinaer-episode2-100.html,"Transition, Zweifel und Akzeptanz",2025.0,DLF/DLF Kultur,implicit/keyword-only inclusion; no direct life-writing signal
https://www.hoerspielundfeature.de/traeumende-georgier-gegen-den-georgischen-traum-100.html,Träumende Georgier gegen den „Georgischen Traum“,2025.0,DLF/DLF Kultur,implicit/keyword-only inclusion; no direct life-writing signal
https://www.hoerspielundfeature.de/und-irgendwann-zuckte-noch-ein-ohr-100.html,Und irgendwann zuckte noch ein Ohr,2026.0,DLF/DLF Kultur,implicit/keyword-only inclusion; no direct life-writing signal
https://www.hoerspielundfeature.de/hintergrund-dreierpack-manuel-gogos-100.html,Von der Überwindung der Schüchternheit,2023.0,DLF/DLF Kultur,implicit/keyword-only inclusion; no direct life-writing signal
https://www.hoerspielundfeature.de/hoerspiel-vor-dem-verschwinden-100.html,Vor dem Verschwinden. Zu keiner Stunde,2026.0,DLF/DLF Kultur,implicit/keyword-only inclusion; no direct life-writing signal
https://www.hoerspielundfeature.de/wir-haben-keine-krise-100.html,Wir haben keine Krise,2026.0,DLF/DLF Kultur,implicit/keyword-only inclusion; no direct life-writing signal
https://www.hoerspielundfeature.de/feature-wissenschaft-unter-druck-100.html,Wissenschaft unter Druck,2026.0,DLF/DLF Kultur,implicit/keyword-only inclusion; no direct life-writing signal
https://www.hoerspielundfeature.de/hf-wurfsendung-100.html,Wurfsendung,2023.0,DLF/DLF Kultur,implicit/keyword-only inclusion; no direct life-writing signal
https://www.hoerspielundfeature.de/zimmer-frei-teil-1-100.html,"Zimmer frei (1/4) - Helfen, aber wie? ",2023.0,DLF/DLF Kultur,implicit/keyword-only inclusion; no direct life-writing signal
https://www.hoerspielundfeature.de/zimmer-frei-teil-3-100.html,Zimmer frei (3/4) - Zwischen Ankommen und Abreisen,2023.0,DLF/DLF Kultur,implicit/keyword-only inclusion; no direct life-writing signal
https://www.hoerspielundfeature.de/zimmer-frei-teil-4-100.html,Zimmer frei (4/4) - Überall und Nirgends,2023.0,DLF/DLF Kultur,implicit/keyword-only inclusion; no direct life-writing signal
https://www.hoerspielundfeature.de/zur-welt-100.html,Zur Welt,2023.0,DLF/DLF Kultur,implicit/keyword-only inclusion; no direct life-writing signal
https://www.hoerspielundfeature.de/feature-zwiespalt-und-zwiesprache-100.html,Zwiespalt und Zwiesprache,2023.0,DLF/DLF Kultur,implicit/keyword-only inclusion; no direct life-writing signal
https://www.hoerspielundfeature.de/zwischen-werkbank-und-wahlurne-100.html,Zwischen Werkbank und Wahlurne,2026.0,DLF/DLF Kultur,implicit/keyword-only inclusion; no direct life-writing signal
https://www.hoerspielundfeature.de/doku-drops-10-on-off-100.html,doku drops 10: On/Off,2026.0,DLF/DLF Kultur,implicit/keyword-only inclusion; no direct life-writing signal
https://www.hoerspielundfeature.de/doku-drops-11-tief-im-moor-102.html,doku drops 11: Tief im Moor,2026.0,DLF/DLF Kultur,implicit/keyword-only inclusion; no direct life-writing signal
https://www.hoerspielundfeature.de/the-weird-and-the-eerie-100.html,the weird & the eerie,2026.0,DLF/DLF Kultur,implicit/keyword-only inclusion; no direct life-writing signal
https://www.hoerspielundfeature.de/freistil-liminalitaet-und-die-schwellen-der-welt-100.html,Über Übergänge,2024.0,DLF/DLF Kultur,implicit/keyword-only inclusion; no direct life-writing signal
https://www.hoerspielundfeature.de/ueberleben-nach-dem-buergerkrieg-libyens-junge-generation-sucht-den-frieden-100.html,Überleben nach dem Bürgerkrieg,2022.0,DLF/DLF Kultur,implicit/keyword-only inclusion; no direct life-writing signal
https://hoerspiele.dra.de/detailansicht/5010608,"""Vrloreni Laawa"" oder ""Verlorene Leben""",2022.0,DRA,implicit/keyword-only inclusion; no direct life-writing signal
https://hoerspiele.dra.de/detailansicht/4996682,Alles ist groß,2021.0,DRA,implicit/keyword-only inclusion; no direct life-writing signal
https://hoerspiele.dra.de/detailansicht/4992824,Arm und Pampig (6. Folge: Kantinenessen),2021.0,DRA,implicit/keyword-only inclusion; no direct life-writing signal
https://hoerspiele.dra.de/detailansicht/4992825,Arm und Pampig (7. Folge: Großes Kino),2021.0,DRA,implicit/keyword-only inclusion; no direct life-writing signal
https://hoerspiele.dra.de/detailansicht/4992826,Arm und Pampig (8. Folge: Begräbnisplanung),2021.0,DRA,implicit/keyword-only inclusion; no direct life-writing signal
https://hoerspiele.dra.de/detailansicht/4995746,Arm und pampig (10. Folge: Der Kammerjäger),2021.0,DRA,implicit/keyword-only inclusion; no direct life-writing signal
https://hoerspiele.dra.de/detailansicht/4995747,Arm und pampig (11. Folge: Der Vater),2021.0,DRA,implicit/keyword-only inclusion; no direct life-writing signal
https://hoerspiele.dra.de/detailansicht/4995749,Arm und pampig (12. Folge: Das Jugendamt),2021.0,DRA,implicit/keyword-only inclusion; no direct life-writing signal
https://hoerspiele.dra.de/detailansicht/4995751,Arm und pampig (13. Folge: Reiche Freundin),2021.0,DRA,implicit/keyword-only inclusion; no direct life-writing signal
https://hoerspiele.dra.de/detailansicht/4995753,Arm und pampig (14. Folge: Jugend designt),2021.0,DRA,implicit/keyword-only inclusion; no direct life-writing signal
https://hoerspiele.dra.de/detailansicht/4995754,Arm und pampig (15. Folge: Die neue Frisur),2021.0,DRA,implicit/keyword-only inclusion; no direct life-writing signal
https://hoerspiele.dra.de/detailansicht/4995755,Arm und pampig (16. Folge: Das Familientreffen),2021.0,DRA,implicit/keyword-only inclusion; no direct life-writing signal
https://hoerspiele.dra.de/detailansicht/4995743,Arm und pampig (9. Folge: Umzug),2021.0,DRA,implicit/keyword-only inclusion; no direct life-writing signal
https://hoerspiele.dra.de/detailansicht/4995667,Caiman Club (3. Staffel: 3. Folge: Leben und Tod),2021.0,DRA,implicit/keyword-only inclusion; no direct life-writing signal
https://hoerspiele.dra.de/detailansicht/5029703,Cleo Fischer – Detektei für ganz besondere Fälle (2. Staffel: 7. Folge: Der schönste Tag im Leben),2023.0,DRA,implicit/keyword-only inclusion; no direct life-writing signal
https://hoerspiele.dra.de/detailansicht/4933281,Das Schloss (1. Teil),2017.0,DRA,canonical literary work/adaptation rather than life-writing object
https://hoerspiele.dra.de/detailansicht/4933291,Das Schloss (10. Teil),2017.0,DRA,canonical literary work/adaptation rather than life-writing object
https://hoerspiele.dra.de/detailansicht/4933292,Das Schloss (11. Teil),2017.0,DRA,canonical literary work/adaptation rather than life-writing object
https://hoerspiele.dra.de/detailansicht/4933293,Das Schloss (12. Teil),2017.0,DRA,canonical literary work/adaptation rather than life-writing object
https://hoerspiele.dra.de/detailansicht/4933283,Das Schloss (2. Teil),2017.0,DRA,canonical literary work/adaptation rather than life-writing object
https://hoerspiele.dra.de/detailansicht/4933284,Das Schloss (3. Teil),2017.0,DRA,canonical literary work/adaptation rather than life-writing object
https://hoerspiele.dra.de/detailansicht/4933285,Das Schloss (4. Teil),2017.0,DRA,canonical literary work/adaptation rather than life-writing object
https://hoerspiele.dra.de/detailansicht/4933286,Das Schloss (5. Teil),2017.0,DRA,canonical literary work/adaptation rather than life-writing object
https://hoerspiele.dra.de/detailansicht/4933287,Das Schloss (6. Teil),2017.0,DRA,canonical literary work/adaptation rather than life-writing object
https://hoerspiele.dra.de/detailansicht/4933288,Das Schloss (7. Teil),2017.0,DRA,canonical literary work/adaptation rather than life-writing object
https://hoerspiele.dra.de/detailansicht/4933289,Das Schloss (8. Teil),2017.0,DRA,canonical literary work/adaptation rather than life-writing object
https://hoerspiele.dra.de/detailansicht/4933290,Das Schloss (9. Teil),2017.0,DRA,canonical literary work/adaptation rather than life-writing object
https://hoerspiele.dra.de/detailansicht/5048635,"Das große Leid, das kleine Leben",2025.0,DRA,implicit/keyword-only inclusion; no direct life-writing signal
https://hoerspiele.dra.de/detailansicht/1371174,Der VHS-Kurs,1989.0,DRA,generic title keyword false positive
https://hoerspiele.dra.de/detailansicht/5028665,Die Vier Leben des NeShawn Plummer (1. Teil der zweiteiligen Fassung),2024.0,DRA,implicit/keyword-only inclusion; no direct life-writing signal
https://hoerspiele.dra.de/detailansicht/5028666,Die Vier Leben des NeShawn Plummer (2. Teil der zweiteiligen Fassung),2024.0,DRA,implicit/keyword-only inclusion; no direct life-writing signal
https://hoerspiele.dra.de/detailansicht/5046967,Die trübe Brühe Leben oder Die Sehnsucht nach der ewigen Wiese,2024.0,DRA,implicit/keyword-only inclusion; no direct life-writing signal
https://hoerspiele.dra.de/detailansicht/5035622,Ein Leben im Ton (1. Teil),2024.0,DRA,implicit/keyword-only inclusion; no direct life-writing signal
https://hoerspiele.dra.de/detailansicht/5036277,Ein Leben im Ton (2. Teil),2024.0,DRA,implicit/keyword-only inclusion; no direct life-writing signal
https://hoerspiele.dra.de/detailansicht/5040377,"Es gibt kein richtiges Leben, ihr Flaschen!",2025.0,DRA,implicit/keyword-only inclusion; no direct life-writing signal
https://hoerspiele.dra.de/detailansicht/4999120,Fallada. Ein Leben im Rausch (1. Teil),2022.0,DRA,implicit/keyword-only inclusion; no direct life-writing signal
https://hoerspiele.dra.de/detailansicht/4999121,Fallada. Ein Leben im Rausch (2. Teil),2022.0,DRA,implicit/keyword-only inclusion; no direct life-writing signal
https://hoerspiele.dra.de/detailansicht/4999122,Fallada. Ein Leben im Rausch (3. Teil),2022.0,DRA,implicit/keyword-only inclusion; no direct life-writing signal
https://hoerspiele.dra.de/detailansicht/4997010,Jetzund kömpt die Nacht herbey (1. Teil der zweiteiligen Fassung),2021.0,DRA,implicit/keyword-only inclusion; no direct life-writing signal
https://hoerspiele.dra.de/detailansicht/4997011,Jetzund kömpt die Nacht herbey (2. Teil der zweiteiligen Fassung),2021.0,DRA,implicit/keyword-only inclusion; no direct life-writing signal
https://hoerspiele.dra.de/detailansicht/1539867,"Kafkas ""Process"" als Handschrift. Roland Reuß, Herausgeber der historisch-kritischen Franz-Kafka-Ausgabe im Gespräch mit Julian Doepp",2010.0,DRA,canonical literary work/adaptation rather than life-writing object
https://hoerspiele.dra.de/detailansicht/4991429,Kurzstrecke (111. Folge),2021.0,DRA,implicit/keyword-only inclusion; no direct life-writing signal
https://hoerspiele.dra.de/detailansicht/1443206,Leben des Galilei,1973.0,DRA,implicit/keyword-only inclusion; no direct life-writing signal
https://hoerspiele.dra.de/detailansicht/5018962,Leben des Galilei (1. Teil der zweiteiligen Fassung),2023.0,DRA,implicit/keyword-only inclusion; no direct life-writing signal
https://hoerspiele.dra.de/detailansicht/5018963,Leben des Galilei (2. Teil der zweiteiligen Fassung),2023.0,DRA,implicit/keyword-only inclusion; no direct life-writing signal
https://hoerspiele.dra.de/detailansicht/1539865,Leben mit Kafka. Klaus Wagenbach im Gespräch mit Julian Doepp,2010.0,DRA,implicit/keyword-only inclusion; no direct life-writing signal
https://hoerspiele.dra.de/detailansicht/5043298,Nebel heiß Leben rückwärts (3. Staffel: 1. Folge: Kleben und kleben lassen),2023.0,DRA,implicit/keyword-only inclusion; no direct life-writing signal
https://hoerspiele.dra.de/detailansicht/5043299,Nebel heiß Leben rückwärts (3. Staffel: 2. Folge: Apocalypse No),2023.0,DRA,implicit/keyword-only inclusion; no direct life-writing signal
https://hoerspiele.dra.de/detailansicht/5043300,Nebel heiß Leben rückwärts (3. Staffel: 3. Folge: Ein Gespenst geht um),2023.0,DRA,implicit/keyword-only inclusion; no direct life-writing signal
https://hoerspiele.dra.de/detailansicht/5043301,Nebel heiß Leben rückwärts (3. Staffel: 4. Folge: Verzögerungen im Betriebsablauf),2023.0,DRA,implicit/keyword-only inclusion; no direct life-writing signal
https://hoerspiele.dra.de/detailansicht/5043302,Nebel heiß Leben rückwärts (3. Staffel: 5. Folge: Wo die Liebe hinfällt),2023.0,DRA,implicit/keyword-only inclusion; no direct life-writing signal
https://hoerspiele.dra.de/detailansicht/5043304,Nebel heiß Leben rückwärts (3. Staffel: 6. Folge: Mamma Mia),2023.0,DRA,implicit/keyword-only inclusion; no direct life-writing signal
https://hoerspiele.dra.de/detailansicht/4994625,Nebel heißt Leben rückwärts (1. Folge: Das Bauchgefühl ist ein verdammt kluger Kopf),2021.0,DRA,implicit/keyword-only inclusion; no direct life-writing signal
https://hoerspiele.dra.de/detailansicht/4994626,Nebel heißt Leben rückwärts (2. Folge: Einmal Syrien und zurück),2021.0,DRA,implicit/keyword-only inclusion; no direct life-writing signal
https://hoerspiele.dra.de/detailansicht/5014649,Nebel heißt Leben rückwärts (2. Staffel: 1. Folge: Wer will denn schon nach Hollywood),2022.0,DRA,implicit/keyword-only inclusion; no direct life-writing signal
https://hoerspiele.dra.de/detailansicht/5014651,Nebel heißt Leben rückwärts (2. Staffel: 2. Folge: Voll von der Rolle),2022.0,DRA,implicit/keyword-only inclusion; no direct life-writing signal
https://hoerspiele.dra.de/detailansicht/5014652,Nebel heißt Leben rückwärts (2. Staffel: 3. Folge: Das schottische Stück),2022.0,DRA,implicit/keyword-only inclusion; no direct life-writing signal
https://hoerspiele.dra.de/detailansicht/5014653,"Nebel heißt Leben rückwärts (2. Staffel: 4. Folge: Rette uns, wer kann)",2022.0,DRA,implicit/keyword-only inclusion; no direct life-writing signal
https://hoerspiele.dra.de/detailansicht/5014654,Nebel heißt Leben rückwärts (2. Staffel: 5. Folge: Hoch die Tassen),2022.0,DRA,implicit/keyword-only inclusion; no direct life-writing signal
https://hoerspiele.dra.de/detailansicht/5015738,Nebel heißt Leben rückwärts (2. Staffel: 6. Folge: OK Boomer),2022.0,DRA,implicit/keyword-only inclusion; no direct life-writing signal
https://hoerspiele.dra.de/detailansicht/4994627,Nebel heißt Leben rückwärts (3. Folge: Hat alles seine zwei Schattenseiten),2021.0,DRA,implicit/keyword-only inclusion; no direct life-writing signal
https://hoerspiele.dra.de/detailansicht/4994628,Nebel heißt Leben rückwärts (4. Folge: Immer einen Schritt voraus),2021.0,DRA,implicit/keyword-only inclusion; no direct life-writing signal
https://hoerspiele.dra.de/detailansicht/4994630,Nebel heißt Leben rückwärts (5. Folge: Das vierte Rad),2021.0,DRA,implicit/keyword-only inclusion; no direct life-writing signal
https://hoerspiele.dra.de/detailansicht/4994631,Nebel heißt Leben rückwärts (6. Folge: Datensch(m)utz),2021.0,DRA,implicit/keyword-only inclusion; no direct life-writing signal
https://hoerspiele.dra.de/detailansicht/5019082,Pimp your Life – Mit dem Knopf im Ohr zu einem besseren Leben (1. Teil: Ich will mehr!),2023.0,DRA,implicit/keyword-only inclusion; no direct life-writing signal
https://hoerspiele.dra.de/detailansicht/5019083,Pimp your Life – Mit dem Knopf im Ohr zu einem besseren Leben (2. Teil: Vom Klischee fürs Leben lernen),2023.0,DRA,implicit/keyword-only inclusion; no direct life-writing signal
https://hoerspiele.dra.de/detailansicht/5019084,Pimp your Life – Mit dem Knopf im Ohr zu einem besseren Leben (3. Teil: Mach dich unbeliebt!),2023.0,DRA,implicit/keyword-only inclusion; no direct life-writing signal
https://hoerspiele.dra.de/detailansicht/5019085,Pimp your Life – Mit dem Knopf im Ohr zu einem besseren Leben (4. Teil: Sag doch auch endlich mal nein!),2023.0,DRA,implicit/keyword-only inclusion; no direct life-writing signal
https://hoerspiele.dra.de/detailansicht/5019086,Pimp your Life – Mit dem Knopf im Ohr zu einem besseren Leben (5. Teil: Volle Angst voraus!,2023.0,DRA,implicit/keyword-only inclusion; no direct life-writing signal
https://hoerspiele.dra.de/detailansicht/5019087,Pimp your Life – Mit dem Knopf im Ohr zu einem besseren Leben (6. Teil: Tausch' Dein Leben!),2023.0,DRA,implicit/keyword-only inclusion; no direct life-writing signal
https://hoerspiele.dra.de/detailansicht/5049500,Polly,2026.0,DRA,implicit/keyword-only inclusion; no direct life-writing signal
https://hoerspiele.dra.de/detailansicht/5020244,Riss in der Matrix,2023.0,DRA,implicit/keyword-only inclusion; no direct life-writing signal
https://hoerspiele.dra.de/detailansicht/4990873,Schöpfer von Leben,2021.0,DRA,implicit/keyword-only inclusion; no direct life-writing signal
https://hoerspiele.dra.de/detailansicht/5010974,Tot im Leben,2022.0,DRA,implicit/keyword-only inclusion; no direct life-writing signal
https://hoerspiele.dra.de/detailansicht/5016195,Wie die 10 Gebote unser Leben bestimmen (1. Folge: Du sollst nicht ehebrechen),2022.0,DRA,implicit/keyword-only inclusion; no direct life-writing signal
https://hoerspiele.dra.de/detailansicht/5016214,Wie die 10 Gebote unser Leben bestimmen (10. Folge: Du sollst nicht lügen),2022.0,DRA,implicit/keyword-only inclusion; no direct life-writing signal
https://hoerspiele.dra.de/detailansicht/5016196,Wie die 10 Gebote unser Leben bestimmen (2. Folge: Du sollst den Feiertag heiligen),2022.0,DRA,implicit/keyword-only inclusion; no direct life-writing signal
https://hoerspiele.dra.de/detailansicht/5016197,Wie die 10 Gebote unser Leben bestimmen (3. Folge: Du sollst nicht töten),2022.0,DRA,implicit/keyword-only inclusion; no direct life-writing signal
https://hoerspiele.dra.de/detailansicht/5016208,"Wie die 10 Gebote unser Leben bestimmen (4. Folge: Du sollst den Namen des Herrn, Deines Gottes, nicht missbrauchen)",2022.0,DRA,implicit/keyword-only inclusion; no direct life-writing signal
https://hoerspiele.dra.de/detailansicht/5016209,"Wie die 10 Gebote unser Leben bestimmen (5. Folge: Ich bin der Herr, dein Gott. Du sollst keine anderen Götter haben neben mir)",2022.0,DRA,implicit/keyword-only inclusion; no direct life-writing signal
https://hoerspiele.dra.de/detailansicht/5016210,Wie die 10 Gebote unser Leben bestimmen (6. Folge: Du sollst nicht begehren deines Nächsten Haus),2022.0,DRA,implicit/keyword-only inclusion; no direct life-writing signal
https://hoerspiele.dra.de/detailansicht/5016211,"Wie die 10 Gebote unser Leben bestimmen (7. Folge: Du sollst nicht begehren deines Nächsten Weib, Knecht, Magd...)",2022.0,DRA,implicit/keyword-only inclusion; no direct life-writing signal
https://hoerspiele.dra.de/detailansicht/5016212,Wie die 10 Gebote unser Leben bestimmen (8. Folge: Du sollst deinen Vater und deine Mutter ehren),2022.0,DRA,implicit/keyword-only inclusion; no direct life-writing signal
https://hoerspiele.dra.de/detailansicht/5016213,Wie die 10 Gebote unser Leben bestimmen (9. Folge: Du sollst nicht stehlen),2022.0,DRA,implicit/keyword-only inclusion; no direct life-writing signal
https://hoerspiele.dra.de/detailansicht/5029613,Wie viele Tage hat das Leben?,2024.0,DRA,implicit/keyword-only inclusion; no direct life-writing signal
https://hoerspiele.dra.de/detailansicht/1516978,Witwen-Monolog,2006.0,DRA,implicit/keyword-only inclusion; no direct life-writing signal
https://wirklichkeitimradio.de/stueck/ach-waer-die-welt-doch-ganz-vertuppert-2/,"Ach, wär die Welt doch ganz vertuppert",1993.0,Wirklichkeit,implicit/keyword-only inclusion; no direct life-writing signal
https://wirklichkeitimradio.de/stueck/die-voegel-singen-noch-in-newe-ur/,Die Vögel singen noch in Newe Ur,1970.0,Wirklichkeit,implicit/keyword-only inclusion; no direct life-writing signal
https://wirklichkeitimradio.de/stueck/ende-der-anfrage/,Ende der Anfrage,1965.0,Wirklichkeit,implicit/keyword-only inclusion; no direct life-writing signal
https://wirklichkeitimradio.de/stueck/es-stand-ein-haus-in-ostberlin/,Es stand ein Haus in Ostberlin,2005.0,Wirklichkeit,implicit/keyword-only inclusion; no direct life-writing signal
https://wirklichkeitimradio.de/stueck/fred-s-ich-wurde-immer-kleiner/,Fred S. – Ich wurde immer kleiner,1978.0,Wirklichkeit,implicit/keyword-only inclusion; no direct life-writing signal
https://wirklichkeitimradio.de/stueck/hoerbild-ueber-den-kamienna-prozess-in-leipzig/,Hörbild über den Kamienna-Prozess in Leipzig,1949.0,Wirklichkeit,implicit/keyword-only inclusion; no direct life-writing signal
https://wirklichkeitimradio.de/stueck/im-zustand-der-leeren-depression/,Im Zustand der leeren Depression,1980.0,Wirklichkeit,implicit/keyword-only inclusion; no direct life-writing signal
https://wirklichkeitimradio.de/stueck/lidice-das-schweigende-dorf/,Lidice – Das schweigende Dorf,1961.0,Wirklichkeit,implicit/keyword-only inclusion; no direct life-writing signal
https://wirklichkeitimradio.de/stueck/meine-schwester-ursel/,Meine Schwester Ursel,1986.0,Wirklichkeit,implicit/keyword-only inclusion; no direct life-writing signal
https://wirklichkeitimradio.de/stueck/mikro-beute-kunst/,Mikro Beute Kunst,2020.0,Wirklichkeit,implicit/keyword-only inclusion; no direct life-writing signal
https://wirklichkeitimradio.de/stueck/prozedur-7-7-0/,Prozedur 7.7.0,1996.0,Wirklichkeit,implicit/keyword-only inclusion; no direct life-writing signal
https://wirklichkeitimradio.de/stueck/wie-eine-staubwolke-von-noten/,Wie eine Staubwolke von Noten,1975.0,Wirklichkeit,implicit/keyword-only inclusion; no direct life-writing signal
https://wirklichkeitimradio.de/stueck/zwettls-traum/,zwettls traum?,2004.0,Wirklichkeit,implicit/keyword-only inclusion; no direct life-writing signal
